PR,URL,Title,Content type,Is rendered page,HTTP status code,Organic traffic,Depth,Is indexable page,No. of all inlinks,First found at
0,https://www.birminghamboilerrepairs.uk/Northfield/northfield,,text/html; charset=utf-8,false,404,0,2,false,4,https://www.birminghamboilerrepairs.uk/Northfield/gas-safety
0,https://www.birminghamboilerrepairs.uk/Selly%20Park/boiler-repairs,,text/html; charset=utf-8,false,404,0,1,false,20,https://www.birminghamboilerrepairs.uk/selly-park/boiler-servicing
0,https://www.birminghamboilerrepairs.uk/Stourbridge/stourbridge,,text/html; charset=utf-8,false,404,0,2,false,4,https://www.birminghamboilerrepairs.uk/Stourbridge/boiler-servicing
0,https://www.birminghamboilerrepairs.uk/Acocks%20Green/boiler-repairs,,text/html; charset=utf-8,false,404,0,1,false,20,https://www.birminghamboilerrepairs.uk/acocks-green/boiler-servicing
0,https://www.birminghamboilerrepairs.uk/Gib%20Heath/combination-boiler-repairs,,text/html; charset=utf-8,false,404,0,1,false,3,https://www.birminghamboilerrepairs.uk/gib-heath/boiler-repairs
0,https://www.birminghamboilerrepairs.uk/Birches%20Green/boiler-repairs,,text/html; charset=utf-8,false,404,0,1,false,20,https://www.birminghamboilerrepairs.uk/birches-green/boiler-servicing
0,https://www.birminghamboilerrepairs.uk/Billesley/billesley,,text/html; charset=utf-8,false,404,0,2,false,4,https://www.birminghamboilerrepairs.uk/Billesley/boiler-servicing
0,https://www.birminghamboilerrepairs.uk/Sutton%20Coldfield/boiler-repairs,,text/html; charset=utf-8,false,404,0,1,false,20,https://www.birminghamboilerrepairs.uk/sutton-coldfield/boiler-servicing
0,https://www.birminghamboilerrepairs.uk/Pype%20Hayes/boiler-repairs,,text/html; charset=utf-8,false,404,0,1,false,20,https://www.birminghamboilerrepairs.uk/pype-hayes/boiler-servicing
0,https://www.birminghamboilerrepairs.uk/Chad%20Valley/combination-boiler-repairs,,text/html; charset=utf-8,false,404,0,1,false,3,https://www.birminghamboilerrepairs.uk/chad-valley/boiler-repairs
0,https://www.birminghamboilerrepairs.uk/Lickey/lickey,,text/html; charset=utf-8,false,404,0,2,false,4,https://www.birminghamboilerrepairs.uk/Lickey/boiler-servicing
0,https://www.birminghamboilerrepairs.uk/Cofton%20Common/boiler-repairs,,text/html; charset=utf-8,false,404,0,1,false,20,https://www.birminghamboilerrepairs.uk/cofton-common/boiler-servicing
0,https://www.birminghamboilerrepairs.uk/Hill%20Hook/gas-safety,,text/html; charset=utf-8,false,404,0,1,false,20,https://www.birminghamboilerrepairs.uk/hill-hook/boiler-repairs
0,https://www.birminghamboilerrepairs.uk/Shenley%20Fields/combination-boiler-repairs,,text/html; charset=utf-8,false,404,0,1,false,3,https://www.birminghamboilerrepairs.uk/shenley-fields/boiler-repairs
0,https://www.birminghamboilerrepairs.uk/Rotton%20Park/boiler-repairs,,text/html; charset=utf-8,false,404,0,1,false,20,https://www.birminghamboilerrepairs.uk/rotton-park/boiler-servicing
0,https://www.birminghamboilerrepairs.uk/Handsworth%20Wood/boiler-repairs,,text/html; charset=utf-8,false,404,0,1,false,20,https://www.birminghamboilerrepairs.uk/handsworth-wood/boiler-servicing
0,https://www.birminghamboilerrepairs.uk/Castle%20Vale/boiler-repairs,,text/html; charset=utf-8,false,404,0,1,false,20,https://www.birminghamboilerrepairs.uk/castle-vale/boiler-servicing
0,https://www.birminghamboilerrepairs.uk/Old%20Oscott/boiler-repairs,,text/html; charset=utf-8,false,404,0,1,false,20,https://www.birminghamboilerrepairs.uk/old-oscott/boiler-servicing
0,https://www.birminghamboilerrepairs.uk/Theatreland/theatreland,,text/html; charset=utf-8,false,404,0,2,false,4,https://www.birminghamboilerrepairs.uk/Theatreland/combination-boiler-repairs
0,https://www.birminghamboilerrepairs.uk/Over%20Green/gas-safety,,text/html; charset=utf-8,false,404,0,1,false,20,https://www.birminghamboilerrepairs.uk/over-green/boiler-repairs
0,https://www.birminghamboilerrepairs.uk/Shirley/shirley,,text/html; charset=utf-8,false,404,0,2,false,4,https://www.birminghamboilerrepairs.uk/Shirley/gas-safety
0,https://www.birminghamboilerrepairs.uk/Eastside/eastside,,text/html; charset=utf-8,false,404,0,2,false,4,https://www.birminghamboilerrepairs.uk/Eastside/boiler-servicing
0,https://www.birminghamboilerrepairs.uk/Beech%20Lanes/boiler-repairs,,text/html; charset=utf-8,false,404,0,1,false,20,https://www.birminghamboilerrepairs.uk/beech-lanes/boiler-servicing
0,https://www.birminghamboilerrepairs.uk/Oakenshaw/oakenshaw,,text/html; charset=utf-8,false,404,0,2,false,4,https://www.birminghamboilerrepairs.uk/Oakenshaw/combination-boiler-repairs
0,https://www.birminghamboilerrepairs.uk/Kings%20Norton/boiler-servicing,,text/html; charset=utf-8,false,404,0,1,false,20,https://www.birminghamboilerrepairs.uk/kings-norton/boiler-repairs
0,https://www.birminghamboilerrepairs.uk/Glebe%20Farm/combination-boiler-repairs,,text/html; charset=utf-8,false,404,0,1,false,3,https://www.birminghamboilerrepairs.uk/glebe-farm/boiler-repairs
0,https://www.birminghamboilerrepairs.uk/Rubery/rubery,,text/html; charset=utf-8,false,404,0,2,false,4,https://www.birminghamboilerrepairs.uk/Rubery/boiler-servicing
0,https://www.birminghamboilerrepairs.uk/Falcon%20Lodge/gas-safety,,text/html; charset=utf-8,false,404,0,1,false,20,https://www.birminghamboilerrepairs.uk/falcon-lodge/boiler-repairs
0,https://www.birminghamboilerrepairs.uk/Old%20Oscott/gas-safety,,text/html; charset=utf-8,false,404,0,1,false,20,https://www.birminghamboilerrepairs.uk/old-oscott/boiler-repairs
0,https://www.birminghamboilerrepairs.uk/Highters%20Heath/boiler-repairs,,text/html; charset=utf-8,false,404,0,1,false,20,https://www.birminghamboilerrepairs.uk/highters-heath/boiler-servicing
0,https://www.birminghamboilerrepairs.uk/South%20Yardley/boiler-servicing,,text/html; charset=utf-8,false,404,0,1,false,20,https://www.birminghamboilerrepairs.uk/south-yardley/boiler-repairs
0,https://www.birminghamboilerrepairs.uk/Austin%20Village/combination-boiler-repairs,,text/html; charset=utf-8,false,404,0,1,false,3,https://www.birminghamboilerrepairs.uk/austin-village/boiler-repairs
0,https://www.birminghamboilerrepairs.uk/Hamstead/hamstead,,text/html; charset=utf-8,false,404,0,2,false,4,https://www.birminghamboilerrepairs.uk/Hamstead/gas-safety
0,https://www.birminghamboilerrepairs.uk/Hall%20Green/boiler-repairs,,text/html; charset=utf-8,false,404,0,1,false,20,https://www.birminghamboilerrepairs.uk/hall-green/boiler-servicing
0,https://www.birminghamboilerrepairs.uk/Hawkesley/hawkesley,,text/html; charset=utf-8,false,404,0,2,false,4,https://www.birminghamboilerrepairs.uk/Hawkesley/combination-boiler-repairs
0,https://www.birminghamboilerrepairs.uk/Brandwood%20End/boiler-servicing,,text/html; charset=utf-8,false,404,0,1,false,20,https://www.birminghamboilerrepairs.uk/brandwood-end/boiler-repairs
0,https://www.birminghamboilerrepairs.uk/Showell%20Green/combination-boiler-repairs,,text/html; charset=utf-8,false,404,0,1,false,3,https://www.birminghamboilerrepairs.uk/showell-green/boiler-repairs
0,https://www.birminghamboilerrepairs.uk/Beech%20Lanes/gas-safety,,text/html; charset=utf-8,false,404,0,1,false,20,https://www.birminghamboilerrepairs.uk/beech-lanes/boiler-repairs
0,https://www.birminghamboilerrepairs.uk/Pype%20Hayes/combination-boiler-repairs,,text/html; charset=utf-8,false,404,0,1,false,3,https://www.birminghamboilerrepairs.uk/pype-hayes/boiler-repairs
0,https://www.birminghamboilerrepairs.uk/Four%20Oaks/boiler-servicing,,text/html; charset=utf-8,false,404,0,1,false,20,https://www.birminghamboilerrepairs.uk/four-oaks/boiler-repairs
0,https://www.birminghamboilerrepairs.uk/Highters%20Heath/boiler-servicing,,text/html; charset=utf-8,false,404,0,1,false,20,https://www.birminghamboilerrepairs.uk/highters-heath/boiler-repairs
0,https://www.birminghamboilerrepairs.uk/Handsworth%20Wood/combination-boiler-repairs,,text/html; charset=utf-8,false,404,0,1,false,3,https://www.birminghamboilerrepairs.uk/handsworth-wood/boiler-repairs
0,https://www.birminghamboilerrepairs.uk/Harts%20Green/boiler-repairs,,text/html; charset=utf-8,false,404,0,1,false,20,https://www.birminghamboilerrepairs.uk/harts-green/boiler-servicing
0,https://www.birminghamboilerrepairs.uk/Soho/soho,,text/html; charset=utf-8,false,404,0,2,false,4,https://www.birminghamboilerrepairs.uk/Soho/boiler-servicing
0,https://www.birminghamboilerrepairs.uk/Bournville/bournville,,text/html; charset=utf-8,false,404,0,2,false,4,https://www.birminghamboilerrepairs.uk/Bournville/gas-safety
0,https://www.birminghamboilerrepairs.uk/Cradley%20Heath/combination-boiler-repairs,,text/html; charset=utf-8,false,404,0,1,false,3,https://www.birminghamboilerrepairs.uk/cradley-heath/boiler-repairs
0,https://www.birminghamboilerrepairs.uk/Perry%20Common/gas-safety,,text/html; charset=utf-8,false,404,0,1,false,20,https://www.birminghamboilerrepairs.uk/perry-common/boiler-repairs
0,https://www.birminghamboilerrepairs.uk/Peddimore/peddimore,,text/html; charset=utf-8,false,404,0,2,false,4,https://www.birminghamboilerrepairs.uk/Peddimore/combination-boiler-repairs
0,https://www.birminghamboilerrepairs.uk/Beech%20Lanes/boiler-servicing,,text/html; charset=utf-8,false,404,0,1,false,20,https://www.birminghamboilerrepairs.uk/beech-lanes/boiler-repairs
0,https://www.birminghamboilerrepairs.uk/Birchfield/birchfield,,text/html; charset=utf-8,false,404,0,2,false,4,https://www.birminghamboilerrepairs.uk/Birchfield/combination-boiler-repairs
0,https://www.birminghamboilerrepairs.uk/Rotton%20Park/gas-safety,,text/html; charset=utf-8,false,404,0,1,false,20,https://www.birminghamboilerrepairs.uk/rotton-park/boiler-repairs
0,https://www.birminghamboilerrepairs.uk/Shenley%20Green/gas-safety,,text/html; charset=utf-8,false,404,0,1,false,20,https://www.birminghamboilerrepairs.uk/shenley-green/boiler-repairs
0,https://www.birminghamboilerrepairs.uk/Austin%20Village/boiler-servicing,,text/html; charset=utf-8,false,404,0,1,false,20,https://www.birminghamboilerrepairs.uk/austin-village/boiler-repairs
0,https://www.birminghamboilerrepairs.uk/Pype%20Hayes/gas-safety,,text/html; charset=utf-8,false,404,0,1,false,20,https://www.birminghamboilerrepairs.uk/pype-hayes/boiler-repairs
0,https://www.birminghamboilerrepairs.uk/Tudor%20Hill/boiler-repairs,,text/html; charset=utf-8,false,404,0,1,false,20,https://www.birminghamboilerrepairs.uk/tudor-hill/boiler-servicing
0,https://www.birminghamboilerrepairs.uk/Over%20Green/boiler-repairs,,text/html; charset=utf-8,false,404,0,1,false,20,https://www.birminghamboilerrepairs.uk/over-green/boiler-servicing
0,https://www.birminghamboilerrepairs.uk/Gravelly%20Hill/boiler-servicing,,text/html; charset=utf-8,false,404,0,1,false,20,https://www.birminghamboilerrepairs.uk/gravelly-hill/boiler-repairs
0,https://www.birminghamboilerrepairs.uk/Cotteridge/cotteridge,,text/html; charset=utf-8,false,404,0,2,false,4,https://www.birminghamboilerrepairs.uk/Cotteridge/boiler-servicing
0,https://www.birminghamboilerrepairs.uk/Cradley%20Heath/gas-safety,,text/html; charset=utf-8,false,404,0,1,false,20,https://www.birminghamboilerrepairs.uk/cradley-heath/boiler-repairs
0,https://www.birminghamboilerrepairs.uk/Tile%20Cross/gas-safety,,text/html; charset=utf-8,false,404,0,1,false,20,https://www.birminghamboilerrepairs.uk/tile-cross/boiler-repairs
0,https://www.birminghamboilerrepairs.uk/Tyburn/tyburn,,text/html; charset=utf-8,false,404,0,2,false,4,https://www.birminghamboilerrepairs.uk/Tyburn/combination-boiler-repairs
0,https://www.birminghamboilerrepairs.uk/Harts%20Green/combination-boiler-repairs,,text/html; charset=utf-8,false,404,0,1,false,3,https://www.birminghamboilerrepairs.uk/harts-green/boiler-repairs
0,https://www.birminghamboilerrepairs.uk/Bartley%20Green/gas-safety,,text/html; charset=utf-8,false,404,0,1,false,20,https://www.birminghamboilerrepairs.uk/bartley-green/boiler-repairs
0,https://www.birminghamboilerrepairs.uk/West%20Midlands/gas-safety,,text/html; charset=utf-8,false,404,0,1,false,20,https://www.birminghamboilerrepairs.uk/west-midlands/boiler-repairs
0,https://www.birminghamboilerrepairs.uk/Gravelly%20Hill/gas-safety,,text/html; charset=utf-8,false,404,0,1,false,20,https://www.birminghamboilerrepairs.uk/gravelly-hill/boiler-repairs
0,https://www.birminghamboilerrepairs.uk/Selly%20Park/combination-boiler-repairs,,text/html; charset=utf-8,false,404,0,1,false,3,https://www.birminghamboilerrepairs.uk/selly-park/boiler-repairs
0,https://www.birminghamboilerrepairs.uk/Rowley%20Regis/boiler-servicing,,text/html; charset=utf-8,false,404,0,1,false,20,https://www.birminghamboilerrepairs.uk/rowley-regis/boiler-repairs
0,https://www.birminghamboilerrepairs.uk/South%20Woodgate/combination-boiler-repairs,,text/html; charset=utf-8,false,404,0,1,false,3,https://www.birminghamboilerrepairs.uk/south-woodgate/boiler-repairs
0,https://www.birminghamboilerrepairs.uk/Hodge%20Hill/gas-safety,,text/html; charset=utf-8,false,404,0,1,false,20,https://www.birminghamboilerrepairs.uk/hodge-hill/boiler-repairs
0,https://www.birminghamboilerrepairs.uk/Four%20Oaks/gas-safety,,text/html; charset=utf-8,false,404,0,1,false,20,https://www.birminghamboilerrepairs.uk/four-oaks/boiler-repairs
0,https://www.birminghamboilerrepairs.uk/Falcon%20Lodge/boiler-servicing,,text/html; charset=utf-8,false,404,0,1,false,20,https://www.birminghamboilerrepairs.uk/falcon-lodge/boiler-repairs
0,https://www.birminghamboilerrepairs.uk/Gravelly%20Hill/boiler-repairs,,text/html; charset=utf-8,false,404,0,1,false,20,https://www.birminghamboilerrepairs.uk/gravelly-hill/boiler-servicing
0,https://www.birminghamboilerrepairs.uk/Smethwick/smethwick,,text/html; charset=utf-8,false,404,0,2,false,4,https://www.birminghamboilerrepairs.uk/Smethwick/boiler-servicing
0,https://www.birminghamboilerrepairs.uk/Short%20Heath/boiler-servicing,,text/html; charset=utf-8,false,404,0,1,false,20,https://www.birminghamboilerrepairs.uk/short-heath/boiler-repairs
0,https://www.birminghamboilerrepairs.uk/Camp%20Hill/combination-boiler-repairs,,text/html; charset=utf-8,false,404,0,1,false,3,https://www.birminghamboilerrepairs.uk/camp-hill/boiler-repairs
0,https://www.birminghamboilerrepairs.uk/Astwood%20Bank/combination-boiler-repairs,,text/html; charset=utf-8,false,404,0,1,false,3,https://www.birminghamboilerrepairs.uk/astwood-bank/boiler-repairs
0,https://www.birminghamboilerrepairs.uk/Kings%20Norton/combination-boiler-repairs,,text/html; charset=utf-8,false,404,0,1,false,3,https://www.birminghamboilerrepairs.uk/kings-norton/boiler-repairs
0,https://www.birminghamboilerrepairs.uk/Buckland%20End/combination-boiler-repairs,,text/html; charset=utf-8,false,404,0,1,false,3,https://www.birminghamboilerrepairs.uk/buckland-end/boiler-repairs
0,https://www.birminghamboilerrepairs.uk/Perry%20Common/boiler-repairs,,text/html; charset=utf-8,false,404,0,1,false,20,https://www.birminghamboilerrepairs.uk/perry-common/boiler-servicing
0,https://www.birminghamboilerrepairs.uk/Over%20Green/boiler-servicing,,text/html; charset=utf-8,false,404,0,1,false,20,https://www.birminghamboilerrepairs.uk/over-green/boiler-repairs
0,https://www.birminghamboilerrepairs.uk/Gosta%20Green/boiler-servicing,,text/html; charset=utf-8,false,404,0,1,false,20,https://www.birminghamboilerrepairs.uk/gosta-green/boiler-repairs
0,https://www.birminghamboilerrepairs.uk/High%20Heath/boiler-servicing,,text/html; charset=utf-8,false,404,0,1,false,20,https://www.birminghamboilerrepairs.uk/high-heath/boiler-repairs
0,https://www.birminghamboilerrepairs.uk/Showell%20Green/boiler-servicing,,text/html; charset=utf-8,false,404,0,1,false,20,https://www.birminghamboilerrepairs.uk/showell-green/boiler-repairs
0,https://www.birminghamboilerrepairs.uk/Handsworth%20Wood/boiler-servicing,,text/html; charset=utf-8,false,404,0,1,false,20,https://www.birminghamboilerrepairs.uk/handsworth-wood/boiler-repairs
0,https://www.birminghamboilerrepairs.uk/Small%20Heath/combination-boiler-repairs,,text/html; charset=utf-8,false,404,0,1,false,3,https://www.birminghamboilerrepairs.uk/small-heath/boiler-repairs
0,https://www.birminghamboilerrepairs.uk/Springfield/springfield,,text/html; charset=utf-8,false,404,0,2,false,4,https://www.birminghamboilerrepairs.uk/Springfield/combination-boiler-repairs
0,https://www.birminghamboilerrepairs.uk/The%20Parade/boiler-servicing,,text/html; charset=utf-8,false,404,0,1,false,20,https://www.birminghamboilerrepairs.uk/the-parade/boiler-repairs
0,https://www.birminghamboilerrepairs.uk/Boldmere/boldmere,,text/html; charset=utf-8,false,404,0,2,false,4,https://www.birminghamboilerrepairs.uk/Boldmere/gas-safety
0,https://www.birminghamboilerrepairs.uk/Quinton/quinton,,text/html; charset=utf-8,false,404,0,2,false,4,https://www.birminghamboilerrepairs.uk/Quinton/boiler-servicing
0,https://www.birminghamboilerrepairs.uk/Harborne/harborne,,text/html; charset=utf-8,false,404,0,2,false,4,https://www.birminghamboilerrepairs.uk/Harborne/combination-boiler-repairs
0,https://www.birminghamboilerrepairs.uk/Acocks%20Green/boiler-servicing,,text/html; charset=utf-8,false,404,0,1,false,20,https://www.birminghamboilerrepairs.uk/acocks-green/boiler-repairs
0,https://www.birminghamboilerrepairs.uk/Oldbury/oldbury,,text/html; charset=utf-8,false,404,0,2,false,4,https://www.birminghamboilerrepairs.uk/Oldbury/boiler-servicing
0,https://www.birminghamboilerrepairs.uk/South%20Woodgate/gas-safety,,text/html; charset=utf-8,false,404,0,1,false,20,https://www.birminghamboilerrepairs.uk/south-woodgate/boiler-repairs
0,https://www.birminghamboilerrepairs.uk/Catshill/catshill,,text/html; charset=utf-8,false,404,0,2,false,4,https://www.birminghamboilerrepairs.uk/Catshill/combination-boiler-repairs
0,https://www.birminghamboilerrepairs.uk/Shenley%20Fields/gas-safety,,text/html; charset=utf-8,false,404,0,1,false,20,https://www.birminghamboilerrepairs.uk/shenley-fields/boiler-repairs
0,https://www.birminghamboilerrepairs.uk/Kings%20Heath/combination-boiler-repairs,,text/html; charset=utf-8,false,404,0,1,false,3,https://www.birminghamboilerrepairs.uk/kings-heath/boiler-repairs
0,https://www.birminghamboilerrepairs.uk/Gosta%20Green/gas-safety,,text/html; charset=utf-8,false,404,0,1,false,20,https://www.birminghamboilerrepairs.uk/gosta-green/boiler-repairs
0,https://www.birminghamboilerrepairs.uk/Cradley%20Heath/boiler-servicing,,text/html; charset=utf-8,false,404,0,1,false,20,https://www.birminghamboilerrepairs.uk/cradley-heath/boiler-repairs
0,https://www.birminghamboilerrepairs.uk/Harts%20Green/gas-safety,,text/html; charset=utf-8,false,404,0,1,false,20,https://www.birminghamboilerrepairs.uk/harts-green/boiler-repairs
0,https://www.birminghamboilerrepairs.uk/Astwood%20Bank/gas-safety,,text/html; charset=utf-8,false,404,0,1,false,20,https://www.birminghamboilerrepairs.uk/astwood-bank/boiler-repairs
0,https://www.birminghamboilerrepairs.uk/Chad%20Valley/gas-safety,,text/html; charset=utf-8,false,404,0,1,false,20,https://www.birminghamboilerrepairs.uk/chad-valley/boiler-repairs
0,https://www.birminghamboilerrepairs.uk/Gun%20Quarter/boiler-servicing,,text/html; charset=utf-8,false,404,0,1,false,20,https://www.birminghamboilerrepairs.uk/gun-quarter/boiler-repairs
0,https://www.birminghamboilerrepairs.uk/Perry%20Beeches/boiler-repairs,,text/html; charset=utf-8,false,404,0,1,false,20,https://www.birminghamboilerrepairs.uk/perry-beeches/boiler-servicing
0,https://www.birminghamboilerrepairs.uk/Bromford/bromford,,text/html; charset=utf-8,false,404,0,2,false,4,https://www.birminghamboilerrepairs.uk/Bromford/combination-boiler-repairs
0,https://www.birminghamboilerrepairs.uk/Sutton%20Coldfield/combination-boiler-repairs,,text/html; charset=utf-8,false,404,0,1,false,3,https://www.birminghamboilerrepairs.uk/sutton-coldfield/boiler-repairs
0,https://www.birminghamboilerrepairs.uk/Turves%20Green/gas-safety,,text/html; charset=utf-8,false,404,0,1,false,20,https://www.birminghamboilerrepairs.uk/turves-green/boiler-repairs
0,https://www.birminghamboilerrepairs.uk/Erdington/erdington,,text/html; charset=utf-8,false,404,0,2,false,4,https://www.birminghamboilerrepairs.uk/Erdington/boiler-servicing
0,https://www.birminghamboilerrepairs.uk/Glebe%20Farm/boiler-repairs,,text/html; charset=utf-8,false,404,0,1,false,20,https://www.birminghamboilerrepairs.uk/glebe-farm/boiler-servicing
0,https://www.birminghamboilerrepairs.uk/Aston%20Cross/boiler-servicing,,text/html; charset=utf-8,false,404,0,1,false,20,https://www.birminghamboilerrepairs.uk/aston-cross/boiler-repairs
0,https://www.birminghamboilerrepairs.uk/Falcon%20Lodge/combination-boiler-repairs,,text/html; charset=utf-8,false,404,0,1,false,3,https://www.birminghamboilerrepairs.uk/falcon-lodge/boiler-repairs
0,https://www.birminghamboilerrepairs.uk/Acocks%20Green/combination-boiler-repairs,,text/html; charset=utf-8,false,404,0,1,false,3,https://www.birminghamboilerrepairs.uk/acocks-green/boiler-repairs
0,https://www.birminghamboilerrepairs.uk/The%20Parade/combination-boiler-repairs,,text/html; charset=utf-8,false,404,0,1,false,3,https://www.birminghamboilerrepairs.uk/the-parade/boiler-repairs
0,https://www.birminghamboilerrepairs.uk/Gospel%20Oak/gas-safety,,text/html; charset=utf-8,false,404,0,1,false,20,https://www.birminghamboilerrepairs.uk/gospel-oak/boiler-repairs
0,https://www.birminghamboilerrepairs.uk/Stockland%20Green/combination-boiler-repairs,,text/html; charset=utf-8,false,404,0,1,false,3,https://www.birminghamboilerrepairs.uk/stockland-green/boiler-repairs
0,https://www.birminghamboilerrepairs.uk/Longbridge/longbridge,,text/html; charset=utf-8,false,404,0,2,false,4,https://www.birminghamboilerrepairs.uk/Longbridge/boiler-servicing
0,https://www.birminghamboilerrepairs.uk/Old%20Oscott/combination-boiler-repairs,,text/html; charset=utf-8,false,404,0,1,false,3,https://www.birminghamboilerrepairs.uk/old-oscott/boiler-repairs
0,https://www.birminghamboilerrepairs.uk/Shard%20End/gas-safety,,text/html; charset=utf-8,false,404,0,1,false,20,https://www.birminghamboilerrepairs.uk/shard-end/boiler-repairs
0,https://www.birminghamboilerrepairs.uk/Camp%20Hill/boiler-servicing,,text/html; charset=utf-8,false,404,0,1,false,20,https://www.birminghamboilerrepairs.uk/camp-hill/boiler-repairs
0,https://www.birminghamboilerrepairs.uk/Birmingham/birmingham,,text/html; charset=utf-8,false,404,0,2,false,7,https://www.birminghamboilerrepairs.uk/Birmingham/ferroli-specialists
0,https://www.birminghamboilerrepairs.uk/Shenley%20Green/boiler-servicing,,text/html; charset=utf-8,false,404,0,1,false,20,https://www.birminghamboilerrepairs.uk/shenley-green/boiler-repairs
0,https://www.birminghamboilerrepairs.uk/Four%20Oaks/boiler-repairs,,text/html; charset=utf-8,false,404,0,1,false,20,https://www.birminghamboilerrepairs.uk/four-oaks/boiler-servicing
0,https://www.birminghamboilerrepairs.uk/Spring%20Vale/boiler-servicing,,text/html; charset=utf-8,false,404,0,1,false,20,https://www.birminghamboilerrepairs.uk/spring-vale/boiler-repairs
0,https://www.birminghamboilerrepairs.uk/Ridgacre/ridgacre,,text/html; charset=utf-8,false,404,0,2,false,4,https://www.birminghamboilerrepairs.uk/Ridgacre/boiler-servicing
0,https://www.birminghamboilerrepairs.uk/Bartley%20Green/boiler-servicing,,text/html; charset=utf-8,false,404,0,1,false,20,https://www.birminghamboilerrepairs.uk/bartley-green/boiler-repairs
0,https://www.birminghamboilerrepairs.uk/Thimble%20End/boiler-repairs,,text/html; charset=utf-8,false,404,0,1,false,20,https://www.birminghamboilerrepairs.uk/thimble-end/boiler-servicing
0,https://www.birminghamboilerrepairs.uk/Garretts%20Green/combination-boiler-repairs,,text/html; charset=utf-8,false,404,0,1,false,3,https://www.birminghamboilerrepairs.uk/garretts-green/boiler-repairs
0,https://www.birminghamboilerrepairs.uk/Stockland%20Green/boiler-servicing,,text/html; charset=utf-8,false,404,0,1,false,20,https://www.birminghamboilerrepairs.uk/stockland-green/boiler-repairs
0,https://www.birminghamboilerrepairs.uk/Weoley%20Castle/gas-safety,,text/html; charset=utf-8,false,404,0,1,false,20,https://www.birminghamboilerrepairs.uk/weoley-castle/boiler-repairs
0,https://www.birminghamboilerrepairs.uk/Aston/aston,,text/html; charset=utf-8,false,404,0,2,false,4,https://www.birminghamboilerrepairs.uk/Aston/combination-boiler-repairs
0,https://www.birminghamboilerrepairs.uk/Rowley%20Regis/combination-boiler-repairs,,text/html; charset=utf-8,false,404,0,1,false,3,https://www.birminghamboilerrepairs.uk/rowley-regis/boiler-repairs
0,https://www.birminghamboilerrepairs.uk/Thimble%20End/boiler-servicing,,text/html; charset=utf-8,false,404,0,1,false,20,https://www.birminghamboilerrepairs.uk/thimble-end/boiler-repairs
0,https://www.birminghamboilerrepairs.uk/Aston%20Cross/boiler-repairs,,text/html; charset=utf-8,false,404,0,1,false,20,https://www.birminghamboilerrepairs.uk/aston-cross/boiler-servicing
0,https://www.birminghamboilerrepairs.uk/Halesowen/halesowen,,text/html; charset=utf-8,false,404,0,2,false,4,https://www.birminghamboilerrepairs.uk/Halesowen/boiler-servicing
0,https://www.birminghamboilerrepairs.uk/California/california,,text/html; charset=utf-8,false,404,0,2,false,4,https://www.birminghamboilerrepairs.uk/California/boiler-servicing
0,https://www.birminghamboilerrepairs.uk/Sarehole/sarehole,,text/html; charset=utf-8,false,404,0,2,false,4,https://www.birminghamboilerrepairs.uk/Sarehole/gas-safety
0,https://www.birminghamboilerrepairs.uk/Perry%20Barr/boiler-servicing,,text/html; charset=utf-8,false,404,0,1,false,20,https://www.birminghamboilerrepairs.uk/perry-barr/boiler-repairs
0,https://www.birminghamboilerrepairs.uk/Kings%20Norton/boiler-repairs,,text/html; charset=utf-8,false,404,0,1,false,20,https://www.birminghamboilerrepairs.uk/kings-norton/boiler-servicing
0,https://www.birminghamboilerrepairs.uk/Tyseley/tyseley,,text/html; charset=utf-8,false,404,0,2,false,4,https://www.birminghamboilerrepairs.uk/Tyseley/boiler-servicing
0,https://www.birminghamboilerrepairs.uk/Aston%20Cross/combination-boiler-repairs,,text/html; charset=utf-8,false,404,0,1,false,3,https://www.birminghamboilerrepairs.uk/aston-cross/boiler-repairs
0,https://www.birminghamboilerrepairs.uk/Reddicap%20Heath/combination-boiler-repairs,,text/html; charset=utf-8,false,404,0,1,false,3,https://www.birminghamboilerrepairs.uk/reddicap-heath/boiler-repairs
0,https://www.birminghamboilerrepairs.uk/Gosta%20Green/combination-boiler-repairs,,text/html; charset=utf-8,false,404,0,1,false,3,https://www.birminghamboilerrepairs.uk/gosta-green/boiler-repairs
0,https://www.birminghamboilerrepairs.uk/Hay%20Mills/boiler-servicing,,text/html; charset=utf-8,false,404,0,1,false,20,https://www.birminghamboilerrepairs.uk/hay-mills/boiler-repairs
0,https://www.birminghamboilerrepairs.uk/Cofton%20Common/boiler-servicing,,text/html; charset=utf-8,false,404,0,1,false,20,https://www.birminghamboilerrepairs.uk/cofton-common/boiler-repairs
0,https://www.birminghamboilerrepairs.uk/Tile%20Cross/boiler-servicing,,text/html; charset=utf-8,false,404,0,1,false,20,https://www.birminghamboilerrepairs.uk/tile-cross/boiler-repairs
0,https://www.birminghamboilerrepairs.uk/Buckland%20End/boiler-servicing,,text/html; charset=utf-8,false,404,0,1,false,20,https://www.birminghamboilerrepairs.uk/buckland-end/boiler-repairs
0,https://www.birminghamboilerrepairs.uk/Highgate/highgate,,text/html; charset=utf-8,false,404,0,2,false,4,https://www.birminghamboilerrepairs.uk/Highgate/gas-safety
0,https://www.birminghamboilerrepairs.uk/Stechford/stechford,,text/html; charset=utf-8,false,404,0,2,false,4,https://www.birminghamboilerrepairs.uk/Stechford/combination-boiler-repairs
0,https://www.birminghamboilerrepairs.uk/Dudley/dudley,,text/html; charset=utf-8,false,404,0,2,false,4,https://www.birminghamboilerrepairs.uk/Dudley/combination-boiler-repairs
0,https://www.birminghamboilerrepairs.uk/Browns%20Green/boiler-servicing,,text/html; charset=utf-8,false,404,0,1,false,20,https://www.birminghamboilerrepairs.uk/browns-green/boiler-repairs
0,https://www.birminghamboilerrepairs.uk/Hill%20Wood/gas-safety,,text/html; charset=utf-8,false,404,0,1,false,20,https://www.birminghamboilerrepairs.uk/hill-wood/boiler-repairs
0,https://www.birminghamboilerrepairs.uk/Thimble%20End/gas-safety,,text/html; charset=utf-8,false,404,0,1,false,20,https://www.birminghamboilerrepairs.uk/thimble-end/boiler-repairs
0,https://www.birminghamboilerrepairs.uk/Pype%20Hayes/boiler-servicing,,text/html; charset=utf-8,false,404,0,1,false,20,https://www.birminghamboilerrepairs.uk/pype-hayes/boiler-repairs
0,https://www.birminghamboilerrepairs.uk/Cofton%20Common/gas-safety,,text/html; charset=utf-8,false,404,0,1,false,20,https://www.birminghamboilerrepairs.uk/cofton-common/boiler-repairs
0,https://www.birminghamboilerrepairs.uk/Hill%20Hook/boiler-repairs,,text/html; charset=utf-8,false,404,0,1,false,20,https://www.birminghamboilerrepairs.uk/hill-hook/boiler-servicing
0,https://www.birminghamboilerrepairs.uk/Short%20Heath/gas-safety,,text/html; charset=utf-8,false,404,0,1,false,20,https://www.birminghamboilerrepairs.uk/short-heath/boiler-repairs
0,https://www.birminghamboilerrepairs.uk/Tower%20Hill/gas-safety,,text/html; charset=utf-8,false,404,0,1,false,20,https://www.birminghamboilerrepairs.uk/tower-hill/boiler-repairs
0,https://www.birminghamboilerrepairs.uk/Brandwood%20End/boiler-repairs,,text/html; charset=utf-8,false,404,0,1,false,20,https://www.birminghamboilerrepairs.uk/brandwood-end/boiler-servicing
0,https://www.birminghamboilerrepairs.uk/Hodge%20Hill/boiler-repairs,,text/html; charset=utf-8,false,404,0,1,false,20,https://www.birminghamboilerrepairs.uk/hodge-hill/boiler-servicing
0,https://www.birminghamboilerrepairs.uk/Birches%20Green/combination-boiler-repairs,,text/html; charset=utf-8,false,404,0,1,false,3,https://www.birminghamboilerrepairs.uk/birches-green/boiler-repairs
0,https://www.birminghamboilerrepairs.uk/Rowney%20Green/gas-safety,,text/html; charset=utf-8,false,404,0,1,false,20,https://www.birminghamboilerrepairs.uk/rowney-green/boiler-repairs
0,https://www.birminghamboilerrepairs.uk/Gospel%20Oak/boiler-repairs,,text/html; charset=utf-8,false,404,0,1,false,20,https://www.birminghamboilerrepairs.uk/gospel-oak/boiler-servicing
0,https://www.birminghamboilerrepairs.uk/Gosta%20Green/boiler-repairs,,text/html; charset=utf-8,false,404,0,1,false,20,https://www.birminghamboilerrepairs.uk/gosta-green/boiler-servicing
0,https://www.birminghamboilerrepairs.uk/West%20Bromwich/boiler-servicing,,text/html; charset=utf-8,false,404,0,1,false,20,https://www.birminghamboilerrepairs.uk/west-bromwich/boiler-repairs
0,https://www.birminghamboilerrepairs.uk/Fox%20Hollies/boiler-repairs,,text/html; charset=utf-8,false,404,0,1,false,20,https://www.birminghamboilerrepairs.uk/fox-hollies/boiler-servicing
0,https://www.birminghamboilerrepairs.uk/Walkwood/walkwood,,text/html; charset=utf-8,false,404,0,2,false,4,https://www.birminghamboilerrepairs.uk/Walkwood/combination-boiler-repairs
0,https://www.birminghamboilerrepairs.uk/South%20Woodgate/boiler-servicing,,text/html; charset=utf-8,false,404,0,1,false,20,https://www.birminghamboilerrepairs.uk/south-woodgate/boiler-repairs
0,https://www.birminghamboilerrepairs.uk/Finstall/finstall,,text/html; charset=utf-8,false,404,0,2,false,4,https://www.birminghamboilerrepairs.uk/Finstall/gas-safety
0,https://www.birminghamboilerrepairs.uk/Gun%20Quarter/gas-safety,,text/html; charset=utf-8,false,404,0,1,false,20,https://www.birminghamboilerrepairs.uk/gun-quarter/boiler-repairs
0,https://www.birminghamboilerrepairs.uk/Browns%20Green/combination-boiler-repairs,,text/html; charset=utf-8,false,404,0,1,false,3,https://www.birminghamboilerrepairs.uk/browns-green/boiler-repairs
0,https://www.birminghamboilerrepairs.uk/Hall%20Green/boiler-servicing,,text/html; charset=utf-8,false,404,0,1,false,20,https://www.birminghamboilerrepairs.uk/hall-green/boiler-repairs
0,https://www.birminghamboilerrepairs.uk/Buckland%20End/gas-safety,,text/html; charset=utf-8,false,404,0,1,false,20,https://www.birminghamboilerrepairs.uk/buckland-end/boiler-repairs
0,https://www.birminghamboilerrepairs.uk/Stockland%20Green/gas-safety,,text/html; charset=utf-8,false,404,0,1,false,20,https://www.birminghamboilerrepairs.uk/stockland-green/boiler-repairs
0,https://www.birminghamboilerrepairs.uk/Handsworth%20Wood/gas-safety,,text/html; charset=utf-8,false,404,0,1,false,20,https://www.birminghamboilerrepairs.uk/handsworth-wood/boiler-repairs
0,https://www.birminghamboilerrepairs.uk/Rotton%20Park/combination-boiler-repairs,,text/html; charset=utf-8,false,404,0,1,false,3,https://www.birminghamboilerrepairs.uk/rotton-park/boiler-repairs
0,https://www.birminghamboilerrepairs.uk/Gospel%20Oak/boiler-servicing,,text/html; charset=utf-8,false,404,0,1,false,20,https://www.birminghamboilerrepairs.uk/gospel-oak/boiler-repairs
0,https://www.birminghamboilerrepairs.uk/Hodge%20Hill/combination-boiler-repairs,,text/html; charset=utf-8,false,404,0,1,false,3,https://www.birminghamboilerrepairs.uk/hodge-hill/boiler-repairs
0,https://www.birminghamboilerrepairs.uk/Tower%20Hill/boiler-repairs,,text/html; charset=utf-8,false,404,0,1,false,20,https://www.birminghamboilerrepairs.uk/tower-hill/boiler-servicing
0,https://www.birminghamboilerrepairs.uk/Austin%20Village/boiler-repairs,,text/html; charset=utf-8,false,404,0,1,false,20,https://www.birminghamboilerrepairs.uk/austin-village/boiler-servicing
0,https://www.birminghamboilerrepairs.uk/Shard%20End/boiler-repairs,,text/html; charset=utf-8,false,404,0,1,false,20,https://www.birminghamboilerrepairs.uk/shard-end/boiler-servicing
0,https://www.birminghamboilerrepairs.uk/Great%20Barr/combination-boiler-repairs,,text/html; charset=utf-8,false,404,0,1,false,3,https://www.birminghamboilerrepairs.uk/great-barr/boiler-repairs
0,https://www.birminghamboilerrepairs.uk/Glebe%20Farm/boiler-servicing,,text/html; charset=utf-8,false,404,0,1,false,20,https://www.birminghamboilerrepairs.uk/glebe-farm/boiler-repairs
0,https://www.birminghamboilerrepairs.uk/Selly%20Park/gas-safety,,text/html; charset=utf-8,false,404,0,1,false,20,https://www.birminghamboilerrepairs.uk/selly-park/boiler-repairs
0,https://www.birminghamboilerrepairs.uk/Kings%20Heath/gas-safety,,text/html; charset=utf-8,false,404,0,1,false,20,https://www.birminghamboilerrepairs.uk/kings-heath/boiler-repairs
0,https://www.birminghamboilerrepairs.uk/Hay%20Mills/boiler-repairs,,text/html; charset=utf-8,false,404,0,1,false,20,https://www.birminghamboilerrepairs.uk/hay-mills/boiler-servicing
0,https://www.birminghamboilerrepairs.uk/Short%20Heath/combination-boiler-repairs,,text/html; charset=utf-8,false,404,0,1,false,3,https://www.birminghamboilerrepairs.uk/short-heath/boiler-repairs
0,https://www.birminghamboilerrepairs.uk/Tudor%20Hill/boiler-servicing,,text/html; charset=utf-8,false,404,0,1,false,20,https://www.birminghamboilerrepairs.uk/tudor-hill/boiler-repairs
0,https://www.birminghamboilerrepairs.uk/Shenley%20Green/combination-boiler-repairs,,text/html; charset=utf-8,false,404,0,1,false,3,https://www.birminghamboilerrepairs.uk/shenley-green/boiler-repairs
0,https://www.birminghamboilerrepairs.uk/Bournbrook/bournbrook,,text/html; charset=utf-8,false,404,0,2,false,4,https://www.birminghamboilerrepairs.uk/Bournbrook/combination-boiler-repairs
0,https://www.birminghamboilerrepairs.uk/Hill%20Wood/boiler-repairs,,text/html; charset=utf-8,false,404,0,1,false,20,https://www.birminghamboilerrepairs.uk/hill-wood/boiler-servicing
0,https://www.birminghamboilerrepairs.uk/Old%20Oscott/boiler-servicing,,text/html; charset=utf-8,false,404,0,1,false,20,https://www.birminghamboilerrepairs.uk/old-oscott/boiler-repairs
0,https://www.birminghamboilerrepairs.uk/Highters%20Heath/gas-safety,,text/html; charset=utf-8,false,404,0,1,false,20,https://www.birminghamboilerrepairs.uk/highters-heath/boiler-repairs
0,https://www.birminghamboilerrepairs.uk/Shenley%20Green/boiler-repairs,,text/html; charset=utf-8,false,404,0,1,false,20,https://www.birminghamboilerrepairs.uk/shenley-green/boiler-servicing
0,https://www.birminghamboilerrepairs.uk/West%20Bromwich/boiler-repairs,,text/html; charset=utf-8,false,404,0,1,false,20,https://www.birminghamboilerrepairs.uk/west-bromwich/boiler-servicing
0,https://www.birminghamboilerrepairs.uk/Highters%20Heath/combination-boiler-repairs,,text/html; charset=utf-8,false,404,0,1,false,3,https://www.birminghamboilerrepairs.uk/highters-heath/boiler-repairs
0,https://www.birminghamboilerrepairs.uk/Selly%20Park/boiler-servicing,,text/html; charset=utf-8,false,404,0,1,false,20,https://www.birminghamboilerrepairs.uk/selly-park/boiler-repairs
0,https://www.birminghamboilerrepairs.uk/Saltley/saltley,,text/html; charset=utf-8,false,404,0,2,false,4,https://www.birminghamboilerrepairs.uk/Saltley/gas-safety
0,https://www.birminghamboilerrepairs.uk/South%20Yardley/gas-safety,,text/html; charset=utf-8,false,404,0,1,false,20,https://www.birminghamboilerrepairs.uk/south-yardley/boiler-repairs
0,https://www.birminghamboilerrepairs.uk/Redditch/redditch,,text/html; charset=utf-8,false,404,0,2,false,4,https://www.birminghamboilerrepairs.uk/Redditch/boiler-servicing
0,https://www.birminghamboilerrepairs.uk/Chad%20Valley/boiler-repairs,,text/html; charset=utf-8,false,404,0,1,false,20,https://www.birminghamboilerrepairs.uk/chad-valley/boiler-servicing
0,https://www.birminghamboilerrepairs.uk/Smithfield/smithfield,,text/html; charset=utf-8,false,404,0,2,false,4,https://www.birminghamboilerrepairs.uk/Smithfield/gas-safety
0,https://www.birminghamboilerrepairs.uk/Deritend/deritend,,text/html; charset=utf-8,false,404,0,2,false,4,https://www.birminghamboilerrepairs.uk/Deritend/gas-safety
0,https://www.birminghamboilerrepairs.uk/Yardley%20Wood/combination-boiler-repairs,,text/html; charset=utf-8,false,404,0,1,false,3,https://www.birminghamboilerrepairs.uk/yardley-wood/boiler-repairs
0,https://www.birminghamboilerrepairs.uk/Ten%20Acres/gas-safety,,text/html; charset=utf-8,false,404,0,1,false,20,https://www.birminghamboilerrepairs.uk/ten-acres/boiler-repairs
0,https://www.birminghamboilerrepairs.uk/Pelham/pelham,,text/html; charset=utf-8,false,404,0,2,false,4,https://www.birminghamboilerrepairs.uk/Pelham/gas-safety
0,https://www.birminghamboilerrepairs.uk/Tardebigge/tardebigge,,text/html; charset=utf-8,false,404,0,2,false,4,https://www.birminghamboilerrepairs.uk/Tardebigge/gas-safety
0,https://www.birminghamboilerrepairs.uk/Hay%20Mills/combination-boiler-repairs,,text/html; charset=utf-8,false,404,0,1,false,3,https://www.birminghamboilerrepairs.uk/hay-mills/boiler-repairs
0,https://www.birminghamboilerrepairs.uk/Stirchley/stirchley,,text/html; charset=utf-8,false,404,0,2,false,4,https://www.birminghamboilerrepairs.uk/Stirchley/combination-boiler-repairs
0,https://www.birminghamboilerrepairs.uk/Solihull/solihull,,text/html; charset=utf-8,false,404,0,2,false,4,https://www.birminghamboilerrepairs.uk/Solihull/combination-boiler-repairs
0,https://www.birminghamboilerrepairs.uk/Bartley%20Green/combination-boiler-repairs,,text/html; charset=utf-8,false,404,0,1,false,3,https://www.birminghamboilerrepairs.uk/bartley-green/boiler-repairs
0,https://www.birminghamboilerrepairs.uk/Astwood%20Bank/boiler-repairs,,text/html; charset=utf-8,false,404,0,1,false,20,https://www.birminghamboilerrepairs.uk/astwood-bank/boiler-servicing
0,https://www.birminghamboilerrepairs.uk/Weoley%20Castle/combination-boiler-repairs,,text/html; charset=utf-8,false,404,0,1,false,3,https://www.birminghamboilerrepairs.uk/weoley-castle/boiler-repairs
0,https://www.birminghamboilerrepairs.uk/Roughley/roughley,,text/html; charset=utf-8,false,404,0,2,false,4,https://www.birminghamboilerrepairs.uk/Roughley/combination-boiler-repairs
0,https://www.birminghamboilerrepairs.uk/Castle%20Vale/combination-boiler-repairs,,text/html; charset=utf-8,false,404,0,1,false,3,https://www.birminghamboilerrepairs.uk/castle-vale/boiler-repairs
0,https://www.birminghamboilerrepairs.uk/Gib%20Heath/boiler-repairs,,text/html; charset=utf-8,false,404,0,1,false,20,https://www.birminghamboilerrepairs.uk/gib-heath/boiler-servicing
0,https://www.birminghamboilerrepairs.uk/Turves%20Green/boiler-servicing,,text/html; charset=utf-8,false,404,0,1,false,20,https://www.birminghamboilerrepairs.uk/turves-green/boiler-repairs
0,https://www.birminghamboilerrepairs.uk/Shard%20End/boiler-servicing,,text/html; charset=utf-8,false,404,0,1,false,20,https://www.birminghamboilerrepairs.uk/shard-end/boiler-repairs
0,https://www.birminghamboilerrepairs.uk/Webheath/webheath,,text/html; charset=utf-8,false,404,0,2,false,4,https://www.birminghamboilerrepairs.uk/Webheath/gas-safety
0,https://www.birminghamboilerrepairs.uk/West%20Heath/boiler-servicing,,text/html; charset=utf-8,false,404,0,1,false,20,https://www.birminghamboilerrepairs.uk/west-heath/boiler-repairs
0,https://www.birminghamboilerrepairs.uk/Bordesley/bordesley,,text/html; charset=utf-8,false,404,0,2,false,4,https://www.birminghamboilerrepairs.uk/Bordesley/combination-boiler-repairs
0,https://www.birminghamboilerrepairs.uk/Astwood%20Bank/boiler-servicing,,text/html; charset=utf-8,false,404,0,1,false,20,https://www.birminghamboilerrepairs.uk/astwood-bank/boiler-repairs
0,https://www.birminghamboilerrepairs.uk/Yardley/yardley,,text/html; charset=utf-8,false,404,0,2,false,4,https://www.birminghamboilerrepairs.uk/Yardley/gas-safety
0,https://www.birminghamboilerrepairs.uk/Garretts%20Green/gas-safety,,text/html; charset=utf-8,false,404,0,1,false,20,https://www.birminghamboilerrepairs.uk/garretts-green/boiler-repairs
0,https://www.birminghamboilerrepairs.uk/Handsworth/handsworth,,text/html; charset=utf-8,false,404,0,2,false,4,https://www.birminghamboilerrepairs.uk/Handsworth/gas-safety
0,https://www.birminghamboilerrepairs.uk/Bordesley%20Green/boiler-servicing,,text/html; charset=utf-8,false,404,0,1,false,20,https://www.birminghamboilerrepairs.uk/bordesley-green/boiler-repairs
0,https://www.birminghamboilerrepairs.uk/High%20Heath/gas-safety,,text/html; charset=utf-8,false,404,0,1,false,20,https://www.birminghamboilerrepairs.uk/high-heath/boiler-repairs
0,https://www.birminghamboilerrepairs.uk/Ten%20Acres/boiler-repairs,,text/html; charset=utf-8,false,404,0,1,false,20,https://www.birminghamboilerrepairs.uk/ten-acres/boiler-servicing
0,https://www.birminghamboilerrepairs.uk/Garretts%20Green/boiler-servicing,,text/html; charset=utf-8,false,404,0,1,false,20,https://www.birminghamboilerrepairs.uk/garretts-green/boiler-repairs
0,https://www.birminghamboilerrepairs.uk/Chad%20Valley/boiler-servicing,,text/html; charset=utf-8,false,404,0,1,false,20,https://www.birminghamboilerrepairs.uk/chad-valley/boiler-repairs
0,https://www.birminghamboilerrepairs.uk/Cradley%20Heath/boiler-repairs,,text/html; charset=utf-8,false,404,0,1,false,20,https://www.birminghamboilerrepairs.uk/cradley-heath/boiler-servicing
0,https://www.birminghamboilerrepairs.uk/Hall%20Green/combination-boiler-repairs,,text/html; charset=utf-8,false,404,0,1,false,3,https://www.birminghamboilerrepairs.uk/hall-green/boiler-repairs
0,https://www.birminghamboilerrepairs.uk/Perry%20Beeches/boiler-servicing,,text/html; charset=utf-8,false,404,0,1,false,20,https://www.birminghamboilerrepairs.uk/perry-beeches/boiler-repairs
0,https://www.birminghamboilerrepairs.uk/Kings%20Heath/boiler-repairs,,text/html; charset=utf-8,false,404,0,1,false,20,https://www.birminghamboilerrepairs.uk/kings-heath/boiler-servicing
0,https://www.birminghamboilerrepairs.uk/Ashted/ashted,,text/html; charset=utf-8,false,404,0,2,false,4,https://www.birminghamboilerrepairs.uk/Ashted/combination-boiler-repairs
0,https://www.birminghamboilerrepairs.uk/West%20Midlands/boiler-servicing,,text/html; charset=utf-8,false,404,0,1,false,20,https://www.birminghamboilerrepairs.uk/west-midlands/boiler-repairs
0,https://www.birminghamboilerrepairs.uk/Tower%20Hill/combination-boiler-repairs,,text/html; charset=utf-8,false,404,0,1,false,3,https://www.birminghamboilerrepairs.uk/tower-hill/boiler-repairs
0,https://www.birminghamboilerrepairs.uk/Gib%20Heath/gas-safety,,text/html; charset=utf-8,false,404,0,1,false,20,https://www.birminghamboilerrepairs.uk/gib-heath/boiler-repairs
0,https://www.birminghamboilerrepairs.uk/Ten%20Acres/boiler-servicing,,text/html; charset=utf-8,false,404,0,1,false,20,https://www.birminghamboilerrepairs.uk/ten-acres/boiler-repairs
0,https://www.birminghamboilerrepairs.uk/Selly%20Oak/combination-boiler-repairs,,text/html; charset=utf-8,false,404,0,1,false,3,https://www.birminghamboilerrepairs.uk/selly-oak/boiler-repairs
0,https://www.birminghamboilerrepairs.uk/Gun%20Quarter/combination-boiler-repairs,,text/html; charset=utf-8,false,404,0,1,false,3,https://www.birminghamboilerrepairs.uk/gun-quarter/boiler-repairs
0,https://www.birminghamboilerrepairs.uk/Camp%20Hill/gas-safety,,text/html; charset=utf-8,false,404,0,1,false,20,https://www.birminghamboilerrepairs.uk/camp-hill/boiler-repairs
0,https://www.birminghamboilerrepairs.uk/Showell%20Green/boiler-repairs,,text/html; charset=utf-8,false,404,0,1,false,20,https://www.birminghamboilerrepairs.uk/showell-green/boiler-servicing
0,https://www.birminghamboilerrepairs.uk/Gib%20Heath/boiler-servicing,,text/html; charset=utf-8,false,404,0,1,false,20,https://www.birminghamboilerrepairs.uk/gib-heath/boiler-repairs
0,https://www.birminghamboilerrepairs.uk/Wirehill/wirehill,,text/html; charset=utf-8,false,404,0,2,false,4,https://www.birminghamboilerrepairs.uk/Wirehill/combination-boiler-repairs
0,https://www.birminghamboilerrepairs.uk/Shenley%20Fields/boiler-repairs,,text/html; charset=utf-8,false,404,0,1,false,20,https://www.birminghamboilerrepairs.uk/shenley-fields/boiler-servicing
0,https://www.birminghamboilerrepairs.uk/Wythall/wythall,,text/html; charset=utf-8,false,404,0,2,false,4,https://www.birminghamboilerrepairs.uk/Wythall/boiler-servicing
0,https://www.birminghamboilerrepairs.uk/Hay%20Mills/gas-safety,,text/html; charset=utf-8,false,404,0,1,false,20,https://www.birminghamboilerrepairs.uk/hay-mills/boiler-repairs
0,https://www.birminghamboilerrepairs.uk/Birches%20Green/boiler-servicing,,text/html; charset=utf-8,false,404,0,1,false,20,https://www.birminghamboilerrepairs.uk/birches-green/boiler-repairs
0,https://www.birminghamboilerrepairs.uk/West%20Heath/boiler-repairs,,text/html; charset=utf-8,false,404,0,1,false,20,https://www.birminghamboilerrepairs.uk/west-heath/boiler-servicing
0,https://www.birminghamboilerrepairs.uk/Harts%20Green/boiler-servicing,,text/html; charset=utf-8,false,404,0,1,false,20,https://www.birminghamboilerrepairs.uk/harts-green/boiler-repairs
0,https://www.birminghamboilerrepairs.uk/The%20Parade/gas-safety,,text/html; charset=utf-8,false,404,0,1,false,20,https://www.birminghamboilerrepairs.uk/the-parade/boiler-repairs
0,https://www.birminghamboilerrepairs.uk/Glebe%20Farm/gas-safety,,text/html; charset=utf-8,false,404,0,1,false,20,https://www.birminghamboilerrepairs.uk/glebe-farm/boiler-repairs
0,https://www.birminghamboilerrepairs.uk/Tudor%20Hill/combination-boiler-repairs,,text/html; charset=utf-8,false,404,0,1,false,3,https://www.birminghamboilerrepairs.uk/tudor-hill/boiler-repairs
0,https://www.birminghamboilerrepairs.uk/South%20Yardley/boiler-repairs,,text/html; charset=utf-8,false,404,0,1,false,20,https://www.birminghamboilerrepairs.uk/south-yardley/boiler-servicing
0,https://www.birminghamboilerrepairs.uk/Gospel%20Oak/combination-boiler-repairs,,text/html; charset=utf-8,false,404,0,1,false,3,https://www.birminghamboilerrepairs.uk/gospel-oak/boiler-repairs
0,https://www.birminghamboilerrepairs.uk/Sutton%20Coldfield/boiler-servicing,,text/html; charset=utf-8,false,404,0,1,false,20,https://www.birminghamboilerrepairs.uk/sutton-coldfield/boiler-repairs
0,https://www.birminghamboilerrepairs.uk/West%20Heath/combination-boiler-repairs,,text/html; charset=utf-8,false,404,0,1,false,3,https://www.birminghamboilerrepairs.uk/west-heath/boiler-repairs
0,https://www.birminghamboilerrepairs.uk/Parkhall/parkhall,,text/html; charset=utf-8,false,404,0,2,false,4,https://www.birminghamboilerrepairs.uk/Parkhall/combination-boiler-repairs
0,https://www.birminghamboilerrepairs.uk/Yardley%20Wood/boiler-repairs,,text/html; charset=utf-8,false,404,0,1,false,20,https://www.birminghamboilerrepairs.uk/yardley-wood/boiler-servicing
0,https://www.birminghamboilerrepairs.uk/Hagley/hagley,,text/html; charset=utf-8,false,404,0,2,false,4,https://www.birminghamboilerrepairs.uk/Hagley/combination-boiler-repairs
0,https://www.birminghamboilerrepairs.uk/Hopwood/hopwood,,text/html; charset=utf-8,false,404,0,2,false,4,https://www.birminghamboilerrepairs.uk/Hopwood/gas-safety
0,https://www.birminghamboilerrepairs.uk/South%20Woodgate/boiler-repairs,,text/html; charset=utf-8,false,404,0,1,false,20,https://www.birminghamboilerrepairs.uk/south-woodgate/boiler-servicing
0,https://www.birminghamboilerrepairs.uk/Brandwood%20End/gas-safety,,text/html; charset=utf-8,false,404,0,1,false,20,https://www.birminghamboilerrepairs.uk/brandwood-end/boiler-repairs
0,https://www.birminghamboilerrepairs.uk/Gilbertstone/gilbertstone,,text/html; charset=utf-8,false,404,0,2,false,4,https://www.birminghamboilerrepairs.uk/Gilbertstone/boiler-servicing
0,https://www.birminghamboilerrepairs.uk/Rowney%20Green/combination-boiler-repairs,,text/html; charset=utf-8,false,404,0,1,false,3,https://www.birminghamboilerrepairs.uk/rowney-green/boiler-repairs
0,https://www.birminghamboilerrepairs.uk/Bordesley%20Green/combination-boiler-repairs,,text/html; charset=utf-8,false,404,0,1,false,3,https://www.birminghamboilerrepairs.uk/bordesley-green/boiler-repairs
0,https://www.birminghamboilerrepairs.uk/Greet/greet,,text/html; charset=utf-8,false,404,0,2,false,4,https://www.birminghamboilerrepairs.uk/Greet/combination-boiler-repairs
0,https://www.birminghamboilerrepairs.uk/Gravelly%20Hill/combination-boiler-repairs,,text/html; charset=utf-8,false,404,0,1,false,3,https://www.birminghamboilerrepairs.uk/gravelly-hill/boiler-repairs
0,https://www.birminghamboilerrepairs.uk/Cofton%20Common/combination-boiler-repairs,,text/html; charset=utf-8,false,404,0,1,false,3,https://www.birminghamboilerrepairs.uk/cofton-common/boiler-repairs
0,https://www.birminghamboilerrepairs.uk/Ten%20Acres/combination-boiler-repairs,,text/html; charset=utf-8,false,404,0,1,false,3,https://www.birminghamboilerrepairs.uk/ten-acres/boiler-repairs
0,https://www.birminghamboilerrepairs.uk/guide/gas-safety,,text/html; charset=utf-8,false,404,0,1,false,1,https://www.birminghamboilerrepairs.uk/gas-safety-guide
0,https://www.birminghamboilerrepairs.uk/West%20Midlands/combination-boiler-repairs,,text/html; charset=utf-8,false,404,0,1,false,3,https://www.birminghamboilerrepairs.uk/west-midlands/boiler-repairs
0,https://www.birminghamboilerrepairs.uk/Grimstock%20Hill/gas-safety,,text/html; charset=utf-8,false,404,0,1,false,20,https://www.birminghamboilerrepairs.uk/grimstock-hill/boiler-repairs
0,https://www.birminghamboilerrepairs.uk/Browns%20Green/boiler-repairs,,text/html; charset=utf-8,false,404,0,1,false,20,https://www.birminghamboilerrepairs.uk/browns-green/boiler-servicing
0,https://www.birminghamboilerrepairs.uk/Aston%20Fields/gas-safety,,text/html; charset=utf-8,false,404,0,1,false,20,https://www.birminghamboilerrepairs.uk/aston-fields/boiler-repairs
0,https://www.birminghamboilerrepairs.uk/Gun%20Quarter/boiler-repairs,,text/html; charset=utf-8,false,404,0,1,false,20,https://www.birminghamboilerrepairs.uk/gun-quarter/boiler-servicing
0,https://www.birminghamboilerrepairs.uk/Aston%20Cross/gas-safety,,text/html; charset=utf-8,false,404,0,1,false,20,https://www.birminghamboilerrepairs.uk/aston-cross/boiler-repairs
0,https://www.birminghamboilerrepairs.uk/Hill%20Hook/combination-boiler-repairs,,text/html; charset=utf-8,false,404,0,1,false,3,https://www.birminghamboilerrepairs.uk/hill-hook/boiler-repairs
0,https://www.birminghamboilerrepairs.uk/Fox%20Hollies/boiler-servicing,,text/html; charset=utf-8,false,404,0,1,false,20,https://www.birminghamboilerrepairs.uk/fox-hollies/boiler-repairs
0,https://www.birminghamboilerrepairs.uk/Dodford/dodford,,text/html; charset=utf-8,false,404,0,2,false,4,https://www.birminghamboilerrepairs.uk/Dodford/boiler-servicing
0,https://www.birminghamboilerrepairs.uk/Sheldon/sheldon,,text/html; charset=utf-8,false,404,0,2,false,4,https://www.birminghamboilerrepairs.uk/Sheldon/combination-boiler-repairs
0,https://www.birminghamboilerrepairs.uk/Spring%20Vale/gas-safety,,text/html; charset=utf-8,false,404,0,1,false,20,https://www.birminghamboilerrepairs.uk/spring-vale/boiler-repairs
0,https://www.birminghamboilerrepairs.uk/Garretts%20Green/boiler-repairs,,text/html; charset=utf-8,false,404,0,1,false,20,https://www.birminghamboilerrepairs.uk/garretts-green/boiler-servicing
0,https://www.birminghamboilerrepairs.uk/Grimstock%20Hill/boiler-servicing,,text/html; charset=utf-8,false,404,0,1,false,20,https://www.birminghamboilerrepairs.uk/grimstock-hill/boiler-repairs
0,https://www.birminghamboilerrepairs.uk/Hodge%20Hill/boiler-servicing,,text/html; charset=utf-8,false,404,0,1,false,20,https://www.birminghamboilerrepairs.uk/hodge-hill/boiler-repairs
0,https://www.birminghamboilerrepairs.uk/Acocks%20Green/gas-safety,,text/html; charset=utf-8,false,404,0,1,false,20,https://www.birminghamboilerrepairs.uk/acocks-green/boiler-repairs
0,https://www.birminghamboilerrepairs.uk/Pheasey/pheasey,,text/html; charset=utf-8,false,404,0,2,false,4,https://www.birminghamboilerrepairs.uk/Pheasey/boiler-servicing
0,https://www.birminghamboilerrepairs.uk/Rowley%20Regis/boiler-repairs,,text/html; charset=utf-8,false,404,0,1,false,20,https://www.birminghamboilerrepairs.uk/rowley-regis/boiler-servicing
0,https://www.birminghamboilerrepairs.uk/Yardley%20Wood/boiler-servicing,,text/html; charset=utf-8,false,404,0,1,false,20,https://www.birminghamboilerrepairs.uk/yardley-wood/boiler-repairs
0,https://www.birminghamboilerrepairs.uk/Perry%20Common/combination-boiler-repairs,,text/html; charset=utf-8,false,404,0,1,false,3,https://www.birminghamboilerrepairs.uk/perry-common/boiler-repairs
0,https://www.birminghamboilerrepairs.uk/Bromsgrove/bromsgrove,,text/html; charset=utf-8,false,404,0,2,false,4,https://www.birminghamboilerrepairs.uk/Bromsgrove/boiler-servicing
0,https://www.birminghamboilerrepairs.uk/Turves%20Green/boiler-repairs,,text/html; charset=utf-8,false,404,0,1,false,20,https://www.birminghamboilerrepairs.uk/turves-green/boiler-servicing
0,https://www.birminghamboilerrepairs.uk/Brandwood%20End/combination-boiler-repairs,,text/html; charset=utf-8,false,404,0,1,false,3,https://www.birminghamboilerrepairs.uk/brandwood-end/boiler-repairs
0,https://www.birminghamboilerrepairs.uk/High%20Heath/combination-boiler-repairs,,text/html; charset=utf-8,false,404,0,1,false,3,https://www.birminghamboilerrepairs.uk/high-heath/boiler-repairs
0,https://www.birminghamboilerrepairs.uk/Aston%20Fields/boiler-servicing,,text/html; charset=utf-8,false,404,0,1,false,20,https://www.birminghamboilerrepairs.uk/aston-fields/boiler-repairs
0,https://www.birminghamboilerrepairs.uk/Bordesley%20Green/boiler-repairs,,text/html; charset=utf-8,false,404,0,1,false,20,https://www.birminghamboilerrepairs.uk/bordesley-green/boiler-servicing
0,https://www.birminghamboilerrepairs.uk/Turves%20Green/combination-boiler-repairs,,text/html; charset=utf-8,false,404,0,1,false,3,https://www.birminghamboilerrepairs.uk/turves-green/boiler-repairs
0,https://www.birminghamboilerrepairs.uk/Camp%20Hill/boiler-repairs,,text/html; charset=utf-8,false,404,0,1,false,20,https://www.birminghamboilerrepairs.uk/camp-hill/boiler-servicing
0,https://www.birminghamboilerrepairs.uk/Perry%20Barr/gas-safety,,text/html; charset=utf-8,false,404,0,1,false,20,https://www.birminghamboilerrepairs.uk/perry-barr/boiler-repairs
0,https://www.birminghamboilerrepairs.uk/Sparkhill/sparkhill,,text/html; charset=utf-8,false,404,0,2,false,4,https://www.birminghamboilerrepairs.uk/Sparkhill/boiler-servicing
0,https://www.birminghamboilerrepairs.uk/Stockfield/stockfield,,text/html; charset=utf-8,false,404,0,2,false,4,https://www.birminghamboilerrepairs.uk/Stockfield/gas-safety
0,https://www.birminghamboilerrepairs.uk/Selly%20Oak/boiler-repairs,,text/html; charset=utf-8,false,404,0,1,false,20,https://www.birminghamboilerrepairs.uk/selly-oak/boiler-servicing
0,https://www.birminghamboilerrepairs.uk/Churchfield/churchfield,,text/html; charset=utf-8,false,404,0,2,false,4,https://www.birminghamboilerrepairs.uk/Churchfield/combination-boiler-repairs
0,https://www.birminghamboilerrepairs.uk/Reddicap%20Heath/boiler-repairs,,text/html; charset=utf-8,false,404,0,1,false,20,https://www.birminghamboilerrepairs.uk/reddicap-heath/boiler-servicing
0,https://www.birminghamboilerrepairs.uk/Short%20Heath/boiler-repairs,,text/html; charset=utf-8,false,404,0,1,false,20,https://www.birminghamboilerrepairs.uk/short-heath/boiler-servicing
0,https://www.birminghamboilerrepairs.uk/West%20Bromwich/gas-safety,,text/html; charset=utf-8,false,404,0,1,false,20,https://www.birminghamboilerrepairs.uk/west-bromwich/boiler-repairs
0,https://www.birminghamboilerrepairs.uk/Tile%20Cross/combination-boiler-repairs,,text/html; charset=utf-8,false,404,0,1,false,3,https://www.birminghamboilerrepairs.uk/tile-cross/boiler-repairs
0,https://www.birminghamboilerrepairs.uk/Perry%20Beeches/combination-boiler-repairs,,text/html; charset=utf-8,false,404,0,1,false,3,https://www.birminghamboilerrepairs.uk/perry-beeches/boiler-repairs
0,https://www.birminghamboilerrepairs.uk/Bartley%20Green/boiler-repairs,,text/html; charset=utf-8,false,404,0,1,false,20,https://www.birminghamboilerrepairs.uk/bartley-green/boiler-servicing
0,https://www.birminghamboilerrepairs.uk/Four%20Oaks/combination-boiler-repairs,,text/html; charset=utf-8,false,404,0,1,false,3,https://www.birminghamboilerrepairs.uk/four-oaks/boiler-repairs
0,https://www.birminghamboilerrepairs.uk/Thimble%20End/combination-boiler-repairs,,text/html; charset=utf-8,false,404,0,1,false,3,https://www.birminghamboilerrepairs.uk/thimble-end/boiler-repairs
0,https://www.birminghamboilerrepairs.uk/Castle%20Vale/gas-safety,,text/html; charset=utf-8,false,404,0,1,false,20,https://www.birminghamboilerrepairs.uk/castle-vale/boiler-repairs
0,https://www.birminghamboilerrepairs.uk/Reddicap%20Heath/boiler-servicing,,text/html; charset=utf-8,false,404,0,1,false,20,https://www.birminghamboilerrepairs.uk/reddicap-heath/boiler-repairs
0,https://www.birminghamboilerrepairs.uk/Showell%20Green/gas-safety,,text/html; charset=utf-8,false,404,0,1,false,20,https://www.birminghamboilerrepairs.uk/showell-green/boiler-repairs
0,https://www.birminghamboilerrepairs.uk/Great%20Barr/gas-safety,,text/html; charset=utf-8,false,404,0,1,false,20,https://www.birminghamboilerrepairs.uk/great-barr/boiler-repairs
0,https://www.birminghamboilerrepairs.uk/Fox%20Hollies/combination-boiler-repairs,,text/html; charset=utf-8,false,404,0,1,false,3,https://www.birminghamboilerrepairs.uk/fox-hollies/boiler-repairs
0,https://www.birminghamboilerrepairs.uk/Weoley%20Castle/boiler-repairs,,text/html; charset=utf-8,false,404,0,1,false,20,https://www.birminghamboilerrepairs.uk/weoley-castle/boiler-servicing
0,https://www.birminghamboilerrepairs.uk/Stockland%20Green/boiler-repairs,,text/html; charset=utf-8,false,404,0,1,false,20,https://www.birminghamboilerrepairs.uk/stockland-green/boiler-servicing
0,https://www.birminghamboilerrepairs.uk/Aston%20Fields/combination-boiler-repairs,,text/html; charset=utf-8,false,404,0,1,false,3,https://www.birminghamboilerrepairs.uk/aston-fields/boiler-repairs
0,https://www.birminghamboilerrepairs.uk/Great%20Barr/boiler-servicing,,text/html; charset=utf-8,false,404,0,1,false,20,https://www.birminghamboilerrepairs.uk/great-barr/boiler-repairs
0,https://www.birminghamboilerrepairs.uk/Castle%20Vale/boiler-servicing,,text/html; charset=utf-8,false,404,0,1,false,20,https://www.birminghamboilerrepairs.uk/castle-vale/boiler-repairs
0,https://www.birminghamboilerrepairs.uk/Small%20Heath/gas-safety,,text/html; charset=utf-8,false,404,0,1,false,20,https://www.birminghamboilerrepairs.uk/small-heath/boiler-repairs
0,https://www.birminghamboilerrepairs.uk/Spring%20Vale/boiler-repairs,,text/html; charset=utf-8,false,404,0,1,false,20,https://www.birminghamboilerrepairs.uk/spring-vale/boiler-servicing
0,https://www.birminghamboilerrepairs.uk/Selly%20Oak/gas-safety,,text/html; charset=utf-8,false,404,0,1,false,20,https://www.birminghamboilerrepairs.uk/selly-oak/boiler-repairs
0,https://www.birminghamboilerrepairs.uk/Small%20Heath/boiler-repairs,,text/html; charset=utf-8,false,404,0,1,false,20,https://www.birminghamboilerrepairs.uk/small-heath/boiler-servicing
0,https://www.birminghamboilerrepairs.uk/Rowney%20Green/boiler-servicing,,text/html; charset=utf-8,false,404,0,1,false,20,https://www.birminghamboilerrepairs.uk/rowney-green/boiler-repairs
0,https://www.birminghamboilerrepairs.uk/Birches%20Green/gas-safety,,text/html; charset=utf-8,false,404,0,1,false,20,https://www.birminghamboilerrepairs.uk/birches-green/boiler-repairs
0,https://www.birminghamboilerrepairs.uk/Rowney%20Green/boiler-repairs,,text/html; charset=utf-8,false,404,0,1,false,20,https://www.birminghamboilerrepairs.uk/rowney-green/boiler-servicing
0,https://www.birminghamboilerrepairs.uk/Perry%20Barr/combination-boiler-repairs,,text/html; charset=utf-8,false,404,0,1,false,3,https://www.birminghamboilerrepairs.uk/perry-barr/boiler-repairs
0,https://www.birminghamboilerrepairs.uk/Hall%20Green/gas-safety,,text/html; charset=utf-8,false,404,0,1,false,20,https://www.birminghamboilerrepairs.uk/hall-green/boiler-repairs
0,https://www.birminghamboilerrepairs.uk/Alvechurch/alvechurch,,text/html; charset=utf-8,false,404,0,2,false,4,https://www.birminghamboilerrepairs.uk/Alvechurch/boiler-servicing
0,https://www.birminghamboilerrepairs.uk/Rotton%20Park/boiler-servicing,,text/html; charset=utf-8,false,404,0,1,false,20,https://www.birminghamboilerrepairs.uk/rotton-park/boiler-repairs
0,https://www.birminghamboilerrepairs.uk/West%20Midlands/boiler-repairs,,text/html; charset=utf-8,false,404,0,1,false,20,https://www.birminghamboilerrepairs.uk/west-midlands/boiler-servicing
0,https://www.birminghamboilerrepairs.uk/Yardley%20Wood/gas-safety,,text/html; charset=utf-8,false,404,0,1,false,20,https://www.birminghamboilerrepairs.uk/yardley-wood/boiler-repairs
0,https://www.birminghamboilerrepairs.uk/Sutton%20Coldfield/gas-safety,,text/html; charset=utf-8,false,404,0,1,false,20,https://www.birminghamboilerrepairs.uk/sutton-coldfield/boiler-repairs
0,https://www.birminghamboilerrepairs.uk/Tower%20Hill/boiler-servicing,,text/html; charset=utf-8,false,404,0,1,false,20,https://www.birminghamboilerrepairs.uk/tower-hill/boiler-repairs
0,https://www.birminghamboilerrepairs.uk/West%20Heath/gas-safety,,text/html; charset=utf-8,false,404,0,1,false,20,https://www.birminghamboilerrepairs.uk/west-heath/boiler-repairs
0,https://www.birminghamboilerrepairs.uk/Kings%20Norton/gas-safety,,text/html; charset=utf-8,false,404,0,1,false,20,https://www.birminghamboilerrepairs.uk/kings-norton/boiler-repairs
0,https://www.birminghamboilerrepairs.uk/Perry%20Barr/boiler-repairs,,text/html; charset=utf-8,false,404,0,1,false,20,https://www.birminghamboilerrepairs.uk/perry-barr/boiler-servicing
0,https://www.birminghamboilerrepairs.uk/Fox%20Hollies/gas-safety,,text/html; charset=utf-8,false,404,0,1,false,20,https://www.birminghamboilerrepairs.uk/fox-hollies/boiler-repairs
0,https://www.birminghamboilerrepairs.uk/Tudor%20Hill/gas-safety,,text/html; charset=utf-8,false,404,0,1,false,20,https://www.birminghamboilerrepairs.uk/tudor-hill/boiler-repairs
0,https://www.birminghamboilerrepairs.uk/Perry%20Common/boiler-servicing,,text/html; charset=utf-8,false,404,0,1,false,20,https://www.birminghamboilerrepairs.uk/perry-common/boiler-repairs
0,https://www.birminghamboilerrepairs.uk/Beech%20Lanes/combination-boiler-repairs,,text/html; charset=utf-8,false,404,0,1,false,3,https://www.birminghamboilerrepairs.uk/beech-lanes/boiler-repairs
0,https://www.birminghamboilerrepairs.uk/Reddicap%20Heath/gas-safety,,text/html; charset=utf-8,false,404,0,1,false,20,https://www.birminghamboilerrepairs.uk/reddicap-heath/boiler-repairs
0,https://www.birminghamboilerrepairs.uk/Bordesley%20Green/gas-safety,,text/html; charset=utf-8,false,404,0,1,false,20,https://www.birminghamboilerrepairs.uk/bordesley-green/boiler-repairs
0,https://www.birminghamboilerrepairs.uk/Rednal/rednal,,text/html; charset=utf-8,false,404,0,2,false,4,https://www.birminghamboilerrepairs.uk/Rednal/boiler-servicing
0,https://www.birminghamboilerrepairs.uk/Over%20Green/combination-boiler-repairs,,text/html; charset=utf-8,false,404,0,1,false,3,https://www.birminghamboilerrepairs.uk/over-green/boiler-repairs
0,https://www.birminghamboilerrepairs.uk/Falcon%20Lodge/boiler-repairs,,text/html; charset=utf-8,false,404,0,1,false,20,https://www.birminghamboilerrepairs.uk/falcon-lodge/boiler-servicing
0,https://www.birminghamboilerrepairs.uk/The%20Parade/boiler-repairs,,text/html; charset=utf-8,false,404,0,1,false,20,https://www.birminghamboilerrepairs.uk/the-parade/boiler-servicing
0,https://www.birminghamboilerrepairs.uk/West%20Bromwich/combination-boiler-repairs,,text/html; charset=utf-8,false,404,0,1,false,3,https://www.birminghamboilerrepairs.uk/west-bromwich/boiler-repairs
0,https://www.birminghamboilerrepairs.uk/Queslett/queslett,,text/html; charset=utf-8,false,404,0,2,false,4,https://www.birminghamboilerrepairs.uk/Queslett/combination-boiler-repairs
0,https://www.birminghamboilerrepairs.uk/Frankley/frankley,,text/html; charset=utf-8,false,404,0,2,false,4,https://www.birminghamboilerrepairs.uk/Frankley/combination-boiler-repairs
0,https://www.birminghamboilerrepairs.uk/Grimstock%20Hill/boiler-repairs,,text/html; charset=utf-8,false,404,0,1,false,20,https://www.birminghamboilerrepairs.uk/grimstock-hill/boiler-servicing
0,https://www.birminghamboilerrepairs.uk/High%20Heath/boiler-repairs,,text/html; charset=utf-8,false,404,0,1,false,20,https://www.birminghamboilerrepairs.uk/high-heath/boiler-servicing
0,https://www.birminghamboilerrepairs.uk/Shenley%20Fields/boiler-servicing,,text/html; charset=utf-8,false,404,0,1,false,20,https://www.birminghamboilerrepairs.uk/shenley-fields/boiler-repairs
0,https://www.birminghamboilerrepairs.uk/Southside/southside,,text/html; charset=utf-8,false,404,0,2,false,4,https://www.birminghamboilerrepairs.uk/Southside/gas-safety
0,https://www.birminghamboilerrepairs.uk/Sparkbrook/sparkbrook,,text/html; charset=utf-8,false,404,0,2,false,4,https://www.birminghamboilerrepairs.uk/Sparkbrook/combination-boiler-repairs
0,https://www.birminghamboilerrepairs.uk/Hill%20Wood/combination-boiler-repairs,,text/html; charset=utf-8,false,404,0,1,false,3,https://www.birminghamboilerrepairs.uk/hill-wood/boiler-repairs
0,https://www.birminghamboilerrepairs.uk/Weoley%20Castle/boiler-servicing,,text/html; charset=utf-8,false,404,0,1,false,20,https://www.birminghamboilerrepairs.uk/weoley-castle/boiler-repairs
0,https://www.birminghamboilerrepairs.uk/Aston%20Fields/boiler-repairs,,text/html; charset=utf-8,false,404,0,1,false,20,https://www.birminghamboilerrepairs.uk/aston-fields/boiler-servicing
0,https://www.birminghamboilerrepairs.uk/Edgbaston/edgbaston,,text/html; charset=utf-8,false,404,0,2,false,4,https://www.birminghamboilerrepairs.uk/Edgbaston/combination-boiler-repairs
0,https://www.birminghamboilerrepairs.uk/Hill%20Wood/boiler-servicing,,text/html; charset=utf-8,false,404,0,1,false,20,https://www.birminghamboilerrepairs.uk/hill-wood/boiler-repairs
0,https://www.birminghamboilerrepairs.uk/Browns%20Green/gas-safety,,text/html; charset=utf-8,false,404,0,1,false,20,https://www.birminghamboilerrepairs.uk/browns-green/boiler-repairs
0,https://www.birminghamboilerrepairs.uk/Moseley/moseley,,text/html; charset=utf-8,false,404,0,2,false,4,https://www.birminghamboilerrepairs.uk/Moseley/boiler-servicing
0,https://www.birminghamboilerrepairs.uk/Great%20Barr/boiler-repairs,,text/html; charset=utf-8,false,404,0,1,false,20,https://www.birminghamboilerrepairs.uk/great-barr/boiler-servicing
0,https://www.birminghamboilerrepairs.uk/Tile%20Cross/boiler-repairs,,text/html; charset=utf-8,false,404,0,1,false,20,https://www.birminghamboilerrepairs.uk/tile-cross/boiler-servicing
0,https://www.birminghamboilerrepairs.uk/Austin%20Village/gas-safety,,text/html; charset=utf-8,false,404,0,1,false,20,https://www.birminghamboilerrepairs.uk/austin-village/boiler-repairs
0,https://www.birminghamboilerrepairs.uk/Streetly/streetly,,text/html; charset=utf-8,false,404,0,2,false,4,https://www.birminghamboilerrepairs.uk/Streetly/gas-safety
0,https://www.birminghamboilerrepairs.uk/Grimstock%20Hill/combination-boiler-repairs,,text/html; charset=utf-8,false,404,0,1,false,3,https://www.birminghamboilerrepairs.uk/grimstock-hill/boiler-repairs
0,https://www.birminghamboilerrepairs.uk/Selly%20Oak/boiler-servicing,,text/html; charset=utf-8,false,404,0,1,false,20,https://www.birminghamboilerrepairs.uk/selly-oak/boiler-repairs
0,https://www.birminghamboilerrepairs.uk/Perry%20Beeches/gas-safety,,text/html; charset=utf-8,false,404,0,1,false,20,https://www.birminghamboilerrepairs.uk/perry-beeches/boiler-repairs
0,https://www.birminghamboilerrepairs.uk/Hill%20Hook/boiler-servicing,,text/html; charset=utf-8,false,404,0,1,false,20,https://www.birminghamboilerrepairs.uk/hill-hook/boiler-repairs
0,https://www.birminghamboilerrepairs.uk/Small%20Heath/boiler-servicing,,text/html; charset=utf-8,false,404,0,1,false,20,https://www.birminghamboilerrepairs.uk/small-heath/boiler-repairs
0,https://www.birminghamboilerrepairs.uk/Buckland%20End/boiler-repairs,,text/html; charset=utf-8,false,404,0,1,false,20,https://www.birminghamboilerrepairs.uk/buckland-end/boiler-servicing
0,https://www.birminghamboilerrepairs.uk/Rowley%20Regis/gas-safety,,text/html; charset=utf-8,false,404,0,1,false,20,https://www.birminghamboilerrepairs.uk/rowley-regis/boiler-repairs
0,https://www.birminghamboilerrepairs.uk/South%20Yardley/combination-boiler-repairs,,text/html; charset=utf-8,false,404,0,1,false,3,https://www.birminghamboilerrepairs.uk/south-yardley/boiler-repairs
0,https://www.birminghamboilerrepairs.uk/Shard%20End/combination-boiler-repairs,,text/html; charset=utf-8,false,404,0,1,false,3,https://www.birminghamboilerrepairs.uk/shard-end/boiler-repairs
0,https://www.birminghamboilerrepairs.uk/Kings%20Heath/boiler-servicing,,text/html; charset=utf-8,false,404,0,1,false,20,https://www.birminghamboilerrepairs.uk/kings-heath/boiler-repairs
0,https://www.birminghamboilerrepairs.uk/Spring%20Vale/combination-boiler-repairs,,text/html; charset=utf-8,false,404,0,1,false,3,https://www.birminghamboilerrepairs.uk/spring-vale/boiler-repairs
